name;email;password
csv1;csv1@yopmail.fr;csvcsv1
csv2;csv2@yopmail.fr;csvcsv2
csv3;csv3@yopmail.fr;csvcsv3
csv4;csv4@yopmail.fr;csvcsv4
csv5;csv5@yopmail.fr;csvcsv5
csv6;csv6@yopmail.fr;csvcsv6
csv7;csv7@yopmail.fr;csvcsv7
csv8;csv8@yopmail.fr;csvcsv8
csv9;csv9@yopmail.fr;csvcsv9
csv10;csv10@yopmail.fr;csvcsv10
csv11;csv11@yopmail.fr;csvcsv11
csv12;csv12@yopmail.fr;csvcsv12
csv13;csv13@yopmail.fr;csvcsv13
csv14;csv14@yopmail.fr;csvcsv14
csv15;csv15@yopmail.fr;csvcsv15
csv16;csv16@yopmail.fr;csvcsv16
csv17;csv17@yopmail.fr;csvcsv17
csv18;csv18@yopmail.fr;csvcsv18
csv19;csv19@yopmail.fr;csvcsv19
csv20;csv20@yopmail.fr;csvcsv20
csv21;csv21@yopmail.fr;csvcsv21
csv22;csv22@yopmail.fr;csvcsv22
csv23;csv23@yopmail.fr;csvcsv23
csv24;csv24@yopmail.fr;csvcsv24
csv25;csv25@yopmail.fr;csvcsv25
csv26;csv26@yopmail.fr;csvcsv26
csv27;csv27@yopmail.fr;csvcsv27
csv28;csv28@yopmail.fr;csvcsv28
csv29;csv29@yopmail.fr;csvcsv29
csv30;csv30@yopmail.fr;csvcsv30
csv31;csv31@yopmail.fr;csvcsv31
csv32;csv32@yopmail.fr;csvcsv32
csv33;csv33@yopmail.fr;csvcsv33
csv34;csv34@yopmail.fr;csvcsv34
csv35;csv35@yopmail.fr;csvcsv35
csv36;csv36@yopmail.fr;csvcsv36
csv37;csv37@yopmail.fr;csvcsv37
csv38;csv38@yopmail.fr;csvcsv38
csv39;csv39@yopmail.fr;csvcsv39
csv40;csv40@yopmail.fr;csvcsv40
csv41;csv41@yopmail.fr;csvcsv41
csv42;csv42@yopmail.fr;csvcsv42
csv43;csv43@yopmail.fr;csvcsv43
csv44;csv44@yopmail.fr;csvcsv44
csv45;csv45@yopmail.fr;csvcsv45
csv46;csv46@yopmail.fr;csvcsv46
csv47;csv47@yopmail.fr;csvcsv47
csv48;csv48@yopmail.fr;csvcsv48
csv49;csv49@yopmail.fr;csvcsv49
